term,sum_sq,df,F,PR(>F),partial_eta_sq
C(sleep),522.906511249996,1.0,42.01474481879517,8.168672814990728e-09,0.35601267352911187
C(cue),199.30141125000029,1.0,16.013566011403494,0.00014487739935378386,0.17403483753057553
C(sleep):C(cue),0.8181012500000291,1.0,0.06573319420429924,0.7983464226381355,0.0008641630264244619
Residual,945.8797149999999,76.0,,,
