sleep,cue,mean,sd,n
Sleep,Control,26.493000000000002,3.5778015890384864,20
Sleep,TMR,29.851999999999997,3.915470799143747,20
Wake,Control,21.582,3.358257066740988,20
Wake,TMR,24.5365,3.22081924034047,20
